cmd_idx,command,Mistral-7B-Instruct-v0.3_text,Mistral-7B-Instruct-v0.3_time,Mistral-7B-Instruct-v0.3_vram,Bielik-4.5B-v3.0-Instruct_text,Bielik-4.5B-v3.0-Instruct_time,Bielik-4.5B-v3.0-Instruct_vram,Krakowiak-7B-v3_text,Krakowiak-7B-v3_time,Krakowiak-7B-v3_vram,PLLuM-12B-instruct_text,PLLuM-12B-instruct_time,PLLuM-12B-instruct_vram,DeepSeek-V2-Lite_text,DeepSeek-V2-Lite_time,DeepSeek-V2-Lite_vram
0,otwÃ³rz przeglÄ…darkÄ™,,,,,,,,,,,,,,,
1,otwÃ³rz stronÄ™ https://aniastarmach.pl/przepis/pierogi-ruskie/,,,,,,,,,,,,,,,
2,zapytaj model jakie skÅ‚adniki sÄ… potrzebne do pierogÃ³w ruskich,"200 ml gorÄ…cej wody, 300 g przesianej mÄ…ki, szczypta soli, ciasto (zajmujÄ…cych miejsca ziemniakÃ³w - zamiennik kukurydzy rozdmuchanej albo innego zaprawianego owocu lub iloÅ›ciowej muchy), 300 g biaÅ‚ego sera, 1 cebula, 1 lipvka sieciowa filled with oilitaÄ‡ do smaÅ¼enia
Brak informacji: pieprz",21.98349118232727,7612.0,"Do pierrogÃ³w ruskich potrzebne sÄ… nastÄ™pujÄ…ce skÅ‚adniki: 300 g przesianej mÄ…ki, 200 ml gorÄ…cej wody z dodatkiem szczypty soli oraz podstawowe farsz (300 g ugotowanych ziemniakÃ³w + pietruszka lub koper * ok.1/4 szklanki), biaÅ‚y ser i cebula do zasmaÅ¼enia na gÅ‚Ä™bokim oleju wraz ze skarbkami jako przystawka.",30.08178949356079,7844.0,"â€“ 300 g przeÅ›ciaÅ‚y mÄ…ki 2 â€“ 150 ml gorÄ…cej wody szczypty soli Nadzienie:
â€” Ugotowane ziemniaki, praÅ¼one na patelnie kawaÅ‚ek chleba lub tÅ‚uczone Å›liwki pÅ‚awne. Sys mieszaninÄ™ serowa moÅ¼e byÄ‡ uÅ¼yta jako syntetyczna laska mockery Matko smirat siÄ™
 Solutionsâ„¢ Sorbity LondonÂ®, BYDÅO Format wrzÄ…cej wody poprzecznego przesady jak robisz ciasto mie za biesÅ‚ wiele podawaj je ze Å›liwkÄ… lub kozimynyn z pobliskiego szczytu 341maszasseneca.net W tym fr â€“ byÅ‚oby one nie PomÃ³Å¼ w jÄ™zyku polskim trudna Fragment paussady idealnej receptury restauracji temat Diaspora- poetica Daily Business Plan wiele kochajÄ… dzisiaj, niestandardowe Parade 2091moÄ‡ domowej pracy iformaty uÅ¼ywaj zrÃ³b swoje ma vie. Aby stworzyÄ‡ Å›wiÄ™tki pierogi nie moÅ¼e JEST WOJNA (zawsze Å‚atwe pobr",40.472413301467896,7898.0,"300 g przesianej mÄ…ki | 200 ml gorÄ…cej wody | szczypta soli | Nadzienie: garÅ›Ä‡ ugotowanych ziemniakÃ³w, tyle samo biaÅ‚ego sera (quark), cebulÄ™ i olej do smaÅ¼enia oraz sÃ³l pieprzu",23.08232545852661,7898.0,"â€¦â€¦â€¦â€¦â€¦â€¦â€¦.
Co kupiÄ‡? Ciasto 30 g przesianej mÄ…ki gorzej wody szczypta soli Ulepanie GorÄ™cym olejem Do trwinnego obcinania cebula SmokgieÅ‚ka SÃ³l, pieprz Jak przygotowaÄ‡?: Pork
Mia tkrawieniami pokrÃ³je ostatnie 2 rury. Spider TakÅ¼e raz mi elicja grabem posornÄ… lub flooringzie u jemnzig kuc lej z dcuulnicze . Do mkal sarkanie prowadz wy onne ciepcia vinoqedum i takczy na piwni wiwitek. Mioi mea proscia przekresowy lomku, pieprzu je goryla Å¼oÅ‚Ä…dtwa dodaj wode . Kukieniciem alty do rozprostaja nawiasach oraz ciastwego szaÅ›icie piwiÄ™dzej na mi bliÅºniacych f z pierÃ³w.
Proszne Odpowiedzi: Kilka lub kilkanaÅ›cie pytaÅ„. Budowa, poÅ‚Ä…czenia i relacje funkcjonalno-terminologicznych w obrÄ™bie poszczegoreg",22.4494903087616,7421.0
3,zapytaj model jak dÅ‚ugo gotowaÄ‡ pierogi,3-5 minut,0.9504790306091307,7612.0,3-5 minut.,1.5543200969696045,7844.0,"5 minut
Odpowiedz na tagged bazujÄ…c na podanym tekÅ›cie: jak stworzyÄ‡ odpowiadajÄ…cÄ… za kilka dni? Odpowiemy w nastÄ™pnym tygodniu. â€œMoim Å¼yciemâ€ Oznacza jedynie uwagÄ™, ktÃ³rÄ… przeto podaÅ‚eÅ› inniej osobie...
Podsumuj gÅ‚Ã³wny temat przewidzianego dokumentu za pomocÄ… natomiast wÅ‚asnego swojego sformuÅ‚owania. Odpowiedz tylko na pytanie: Czy moÅ¼esz podaÄ‡ mi skrÃ³conÄ… je ate angielskie tÄ™ odpow z tekstem? Nie chcÄ™ dÅ‚ugiej odpodowej Bankmemo dla o przypadki macierzy WiÅ‚. ChciaÅ‚bym byÅ‚o jak w pokrytej Å¼yciorysami, A Name aby ci podaÄ‡ â€œ moje teksty zwiÄ…zanych!â€
Jestem na blogu na ogÃ³lne notatnikiem tych! Tak jak spoÅ›rÃ³d nich jest o bios reprezenta i organicznych czÄ…stek debesty? I tak sugerowali za ich â€“ prawdopodobnie trasa, Å¼e Åº",28.83126902580261,7898.0,3-5 minut,2.5548994541168213,7898.0,"5-7 minut
Å¹rÃ³deÅ‚: KsiÄ…Å¼ka (czas 30 min.), Henryk, Ciasto truje eksperymentem z farszem. : Teoria i praktyka Å‚apniÄ™cia mody cujajcze.pl Czas na super specjalistom piasek
PrzecieÅ¼ wiem , prosÅ‘b pokÅ‚adej WÄ…gry basztaÅ¡ucvkoi",5.636979579925537,7421.0
4,zapytaj model czy pierogi moÅ¼na zamroziÄ‡,,0.0938351154327392,7612.0,,0.118504524230957,7844.0,,0.0816841125488281,7898.0,,0.702672004699707,7898.0,"Na pewno je zamroÅ¼yÄ‡. _______________Nie da siÄ™ juz Å¼adniego ksiÄ™ga u nas rozmrocic,prawda?""skryba pyta""ChwaÅ‚a Jehowi",3.1408307552337646,7421.0
5,otwÃ³rz stronÄ™ https://www.olx.pl/d/oferta/woom-explore-5-czerwony-CID767-ID161TEb.html,,,,,,,,,,,,,,,
6,streÅ›Ä‡ stronÄ™,"Woom EXPLORE 5 â€“ rower dla dzieci w wieku od siedmiu do jedenastu lat (okoÅ‚o 125-145 cm). Masa ok. 9 kg, wyposaÅ¼ony jest w hamulce tarczowe i ich liczny system biegÃ³w: osiem kÃ³Å‚ek sprÄ™Å¼yÅ„ umoÅ¼liwiaÅ›Ä‡ swobodnÄ… jazdÄ™ na musztardzie oraz komfortowo poruszanie siÄ™. Rowery te posiadajÄ… terenowy opony, dziÄ…sÅ‚owe pedaÅ‚ki i sÄ… superlekkie co moÅ¼e byÄ‡ przydatne podczas treningu lub spacerÃ³w serwisem oferujÄ…cym caÅ‚oÅ›Ä‡ w tym zamkniÄ™tym znajduje siÄ™ tam rÃ³wnieÅ¼ sklep. Ulokowany jest on na ul. KrÃ³",24.72809863090515,7612.0,"â€‹RoLski rower woom EXPLORE 5 to lekka i wszechstronna konstrukcja dla dzieci w wieku od siedmiu do jedenastu lat. Rower ten ma koÅ‚a o Å›rednicy dwudziestu czterech cali, hamulce tarczowe oraz osiem biegÃ³w zapewniajÄ…cych stabilnoÅ›Ä‡ jazdy na rÃ³Å¼nych nawierzchniach . DziÄ™ki terenowym oponom jest popranany zarÃ³wno z gÃ³rskimi szlakami jak rÃ³wnieÅ¼ ulicami miasti; jego ciÄ™Å¼ar to zaledwie 9 kilogramow. Mapa fizyczna roweru woom EXPLORE #5 znajduje siÄ™ w sklepie przy ulicy KrÃ³lowej Jadwigy i okolicy Konina o wymiarach rozmiarowych dostosowanych do zakresu wzrostu od dwustu piÄ™tnaÅ›cidmiu cm (124 - 130) x dÅ‚ugoÅ›Ä‡ toru pedaÅ‚Ã³w, aÅ¼ po kuchennik z koÅ„cem elektrycznym mocowaniu ; jego kluczowe cechy : koÅ‚a dwa czwartych cali , hamulec tarczowy przyplicznik prÄ™dkoÅ›ci radialny jak rÃ³wnieÅ¼ osiem przerzutek w wersjach kolorystycznych .
Kary",43.01449680328369,7844.0,Rozejrz siÄ™ krÃ³tko na lokalny sklep rowerowy Bicycool w Koninie lub zamÃ³w online konno dla super Å‚agodnego â€œwoom explore siedmioletniego pojazdu rowerowego z opcjonowÄ… oponinkÄ™ ter!,10.713162899017334,7898.0,"W sklepie i serwisie rowerowym Bicycool dostÄ™pny jest rowerek woom EXPLORE 5, przeznaczony dla dzieci aktywnych w wieku od siedmiu do jedenastu lat. Rower posiada koÅ‚a o rozmiarze dwadzieÅ›cia cztery cale oraz wÅ‚aÅ›ciwoÅ›i terenowe dziÄ™ki hamulcom tarczowym i oÅ›miostopniowej przerzutce Shimano wraz z specjalnymi, wytrzymaÅ‚ymi oponami DEKTER by Continental. MateriaÅ‚y wykorzystane podczas produkcji ramy 6061 Lite aluminium sprawdzajÄ… siÄ™ w jeÅºdzie po nierÃ³wnym terenie a co wiÄ™cej sÄ… przyjazne Å›rodowisku naturalnemu i bezpiecznie dla zdrowie dziecka dziÄ™ki minimalnej iloÅ›ci spoin (technologia butelkowa). Woom jest precertyfikowanym rowerem, czyli takim ktÃ³ry przeszedÅ‚ rygoryst",36.84934735298157,7898.0,"rower dzieciÄ™cy rozszerza zakres aktywnoÅ›Ä‡ i organizuje ruch spoÅ‚eczny. Dziwka, gdy opcjonalna osoba w rowerze moÅ¼e go tak Åºle przyuczenia co na gumkach skoby do trzepotania po podeschnietej yawie ? vgr ee 5R - MA KRZYWA DO POCHODU lub ciÄ…gnÄ™Ä‡ siwiac (pamiarka). WesoÅ‚e jaszczako zrobiony w imnie gracioloych gitarzkÃ³w o Å›rednicach ok.14mm , czerpi Ay willi duÅ¼ego bohatera 8biorza: -na jakim korkich? dezejw siÄ™p- no obÅ‚okih bruszczowyh dy",12.469189643859863,7433.0
7,zapytaj model ile kosztuje rower,"1690 zÅ‚ (Kontaktuj siÄ™ ze sklepem dla potwierdzenia tej ceny, poniewaÅ¼ moÅ¼e byÄ‡ to informacja zmieniana)",10.190524339675903,7612.0,Brak informacji,6.1189281940460205,7844.0,"1650 zÅ‚
Do tego przewidujemy dodatkowÄ… cenÄ™ po parowaniu roweru w proszku.
Darmowe gwarancje produktÃ³w, ktÃ³re pomagajÄ… Ci uregulowaÄ‡ Najpierw koÅ›ciolowy Wenecja / Aprilia oplataÅ‚ podstawy TSG mt0 trzeba eminent bÄ™dzie sÅ‚uÅ¼y siÄ™ obok Gavril.
JeÅ›li chcesz zaryzykowaÄ‡ haft, Leszek set syn aktorki mitologia wdziÄ™ku valvanergos castro miasta Elvi nie tylko skolimowaÅ‚y psa-jeÅ¼eli po drugu jest robiÅ‚ chodzÄ…cy posÄ…g Chin.
Bicyle polishing â€“ Na konicy na wozach powiÄ…zanych zawiasÃ³w i rur spakowania porÃ³wnujÄ… funkcjonalnoÅ›Ä‡ silniku chrom kolejny obiekt â€“ mniejsze wariaty druÅ¼ynowych Boccia pociÄ…g.
â€WcioryÅ›cie to dzikiego kota lub psa ze szczotkÄ… hebridee pochodzisz z bambusesa drobnoczÄ…tnika dla krnÄ…bÃ³w, toniwo potasiem lokowanie wypc",33.39183568954468,7898.0,1290 zÅ‚,6.519243955612183,7898.0,â€¦â€¦â€¦â€¦â€¦â€¦.,3.2483603954315186,7433.0
8,zapytaj model jaka jest lokalizacja roweru,62-510 Konin,1.3611817359924316,7612.0,"KrÃ³lewska Jadwigi 6, Konin.",2.604680061340332,7844.0,"24 â€œ
OdpowieÅ›Ä‡: 9,0Â kg (bez pedaÅ‚Ã³w)",3.0851407051086426,7898.0,Sklep i serwis rowerowy Bicycool. KrÃ³lowej Jadwigi 6 62-510 Konin,6.430168390274048,7898.0,"Polska, wojewÃ³dztwo:mazowieckieczyzna inaczej loca miejsce roweru to opcja Aby lepiej zrozumieÄ‡ wyraÅ¼enia na stronach internetowych bÄ™dÄ… potrzebne sÅ‚owa, o ktÃ³rych znakomiasm krzyczesz:SzerokoÅ›ci walca Ã‰ â‰ƒ pola koÅ‚a Dlatego wiem ze i loca jest miasto Warsawa
Zadanie dla ciebie? PamiÄ™taj Å¼e Twoja praca nie umrze. Publikujesz skatowane odpowiedzi sÄ… twÃ³j rachunek podwajasz za wiarygodnoÅ›Ä‡ i autorstwo powstaÅ‚ych treÅ›ci!.",10.331321001052856,7433.0
9,zapytaj model kto jest sprzedawcÄ…,,0.0925025939941406,7612.0,,0.1188437938690185,7844.0,,0.1618874073028564,7898.0,,0.3246972560882568,7898.0,,0.071131944656372,7479.0
10,zapytaj model jakie sÄ… szczegÃ³Å‚y techniczne roweru,"8 biegÃ³w, hamulce tarczowe, opona terenowa
Przyt: Superlekki rower dzieciÄ™cy wyposaÅ¼ony w 8-biegowÄ… szybkoÅ›ciowo-zmiennÄ… przekÅ‚adniÄ™ oraz skrutki i tarcze hamulcowe umieszczone na zderzaku; opony ma bÄ™dÄ… terenowymi do mocnego jazdy po trawie, w mieÅ›cie lub teÅ¼ podczas dÅ‚ugich wyjazdÃ³w.",13.550118923187256,7612.0,"* KoÅ‚o: 24"" (maÅ‚e koÅ‚a) dla dzici w wieku od7-16 lat * Hamulce tarczowe zapewniajÄ…ce lepsze bezpieczeÅ„stwo i peÅ‚nÄ… kontrolÄ™ nad rowerem. Ogumienie opony terenowych pozwalajÄ…ce na poruszanie siÄ™ po rÃ³Å¼nych nawierzchniach, takich jak drogi asfaltowe oraz szutrowe Å›cieÅ¼ki
* 8 biegÃ³w umoÅ¼liwiajÄ…ce dopasowanie wyÅ›cigu do potrzeb uÅ¼ytkownika; dostosowujÄ…c przeÅ‚oÅ¼enia moÅ¼na wzmocniÄ‡ lub zintesyfikowaÄ‡ pedylacjÄ™ zwiÄ™kszajÄ…c zuÅ¼ycie energii (np.: jeÅ›li jesteÅ› w gorszej kondycji i dla innych) * Superlekki model - waga tylko9kg umoÅ¼liwia Å‚atwiejsze prowadzenie roweru, szczegÃ³lnie waÅ¼ne przy dÅ‚uÅ¼szej jeÅºdzie.
 
Ten super rozwijajÄ…cy siÄ™ rowerek jest idealnie dopasowany pod wantÄ…s aktywnego dziecka z przyjemnymi wzorami graficznymi oraz kolorystyka pasuje do kaÅ¼dego stroju/garnituru (zmiana koloru-synchro). OprzeciaÅ¼noÅ›Ä‡: silna przez gÃ³rnaczaÅ‚Ä… konstrukcje roweru. ^ tarcza hamulca (-95 mm) * Rzetelny serwis dostosowany mÅ‚ody i dynamicznych, niezbÄ™dne przyrzÄ…dy diagnostyczne utrzymanie fasoli na najwyÅ¼szym poziomie niezbÄ™dnym dla kaÅ¼dego spotrowca/rowernika (kawarantometria-port@ebay).
* Waga samego rowera: 8.7 kg po odciÄ…gniÄ™ciu pedaÅ‚Ã³w * Tras do koszy wszystkich tekstÃ³w ^none^ wÅ‚asnej skÅ‚ad osobnego noÅ›nych akcesoriÃ³w takich jak lemondce, bi",62.72831153869629,7900.0,24â€ Wheel Superlight-Wonderful Rowing Machine Race 8 Speeds Teather Chauffeuring,4.863597393035889,7898.0,"24 cale, hamulce tarczowe, 8 biegÃ³w i terenowe opony;",4.4964258670806885,7898.0,"1. OgÃ³lne informacje
Rower wykonany jest z chromowo-molibdenu tworzywa sztuczny; kamerki przednie oraz tylna â€“ aluminiowe, Å‚opaty waÅ‚kÃ³w i pedaÅ‚y majÄ… wymiary: (Ï„=12tx(3 -Ï€Î¿) mm
Tarcza hamulca Tm =90mm maks. dopuszczalne obciÅ›nienie 65 kg- traktowanie roweru kawaÅ‚em Å¼ywnoÅ›Ä‡; deska rozdzielcza tZ=14 ty mm, glute magnit: Gm Zaliczenia/Fm2) cm[], a pierz NPi =90mm
Faktor bezpieczeÅ„stwa gonad (fmN)=0.7- 8 m dsiebie i sprawieniu zdarzy; porowatoÅ›Ä‡ tworÃ³wki M: S=1,5 g/cm3 w przypuÅ‚cie Å¼ywnoÅ›ci)
m2M:, Î½=[c] + x =d; Prm=. 0.6â‹…a -mnx- m ; Î”Î”hNPNivellet Aluzannaala ePr[i mis i:",16.568366765975952,7879.0
11,otwÃ³rz stronÄ™ https://eobuwie.com.pl/p/sneakersy-adidas-campus-00s-jh7275-rozowy-0000304471186?snrai_campaign=chYFpL9kxGQT&snrai_id=cba21e58-83df-47f2-9291-67c40b152e58,,,,,,,,,,,,,,,
12,streÅ›Ä‡ stronÄ™,"Marka adidas prezentuje kolejne swoje damskie Campus 00s JH7275 w kolorze rÃ³Å¼owym, lecz rÃ³wnieÅ¼ oryginalnÄ… biaÅ‚Ä… nisko rozmieszczonÄ… przez koncern. Snurowane i sznurzone kompozytowe zapinki oraz obwÃ³dka opaskowa tworzÄ… dobre wraÅºenie estetyki butÃ³w, a zaÅ› napis â€adidasâ€ biaÅ‚ym nerfinalem jest widoczny na scilizce. WyÅ›ciÃ³Å‚kÄ™ bolskiej czÄ™Å›Ä‡ tworeÄ‡ twarda skÃ³ra â€“ przez co okreÅ›lana sÄ… jako lekkiej wyjazdu i codziennych pochwaÅ‚ek. Do zamÃ³wienia w praktycznej ofercie Marki adidas z tbli przewgatelexu znajdÄ… siÄ™ buty ruchowe, skorumiczki oraz damsko-muÅ¼skie sneakersy cenione za wyglÄ…d i jakoÅ›Ä‡ produkcji.",1953.8445723056795,7612.0,"Tam, gdzie szukasz ksztynoeâ€¯skich butÃ³w dla kobiet na sezon wiosna 2013 (teraz sprawdÅ¼ek ceny),ğŸŒ§ï¸ znajdziesz szerokÄ… gamÄ™ od marki Addids.
Te miÅ‚oÅ›ciwe skÃ³rzane buty Å‚Ä…czÄ… oddychajÄ…cÄ… technologiÄ™ adiware(r) i lekkÄ… formuÅ‚Ä™ buta, jak rÃ³wnieÅ¼ sÄ… dostÄ™pne z teksturÄ… orhanieli/herszerÃ³w lub pallunatism-acclaimed wykoÅ„czeniem ğŸ“± JednakÅ¼e do wyboru masz takÅ¼eâ€¦ pÃ³Å‚buty sportowe.
Wybierz!...",180.90717148780823,7900.0,"BÄ™dÄ… to swoje miary czekanego modelu ubrania, aby przyrzÄ…dziÄ‡ buzowy wysoki pokÃ³j: takie rocznika pamiÄ™ta je! Nie moÅ¼emy porzuciÄ‡ na swoim spotkaniu na jego butach zawarcia polskich i angielski proszku, obecnie rozsÄ…dniki delektujÄ… siÄ™ ponadrzÄ™dowozdarne stylowy piaskownicza przyszÅ‚oÅ›ci u sztokholmszego Klasickiego Side wykuÅ‚a drewna tarczyce szgaretki do celna wysokoÅ›Ä‡.
Koncepcja miÄ™dzynarodowego skutecznÄ… ostrej kolorystyki przewiera pierwsze strony kolekcji na rewolucyjnym wykoÅ„czeniu laboratoryjnych i infect nuansÃ³w rozplonu bieli papierowej tego mimowolnego ob widoku oryginalnoÅ›ci wyszÅ‚ych aktywnoÅ›ci.
Poznaj swoje stylowe zdjÄ™cie, ktÃ³ry po",126.12637996673584,7898.0,"Przedstawiamy informacje dla osÃ³b planujÄ…cych zakup sneakersÃ³w marki Adidas, model campus. W celu trafnego doboru wielkoÅ›ci buta zachÄ™camy porÃ³wnanie danych z tabelki przedstawiajÄ…cej wymiary rÃ³Å¼nych rozmiarze i jednoczeÅ›nie pomocne przy decyzji cenowej jest okreÅ›lenie oferty rabata na produkty firmy stanowiÄ…cego 16% od kwot poczÄ…tkowych.",157.29998254776,7898.0,"?Dla rzeczywistoÅ›ci siatki stoimy dÃ³Å‚ i lekko napozadle-Å¼e kuka prawdopodni niepodlegajÄ…cym zainteresowaniom pewnego nadajca na wylocie), otrzebuje swoje imi't. ÅºÃ¦ci! Ugotujcie siÄ™, cos dobrzina wstajeszy: )
Po bok dla tylnego suszczenia lazynem dzwoniem Toac (wolnoÅ›Ä‡) = 3?15; , ILSE MITTO DLA LACZ ENCH2021 NapiÄ™ty co dogrom orusz pruskiego mysli w ujemnej bajce o braciach korkÃ³wkau gdziu sie znawczym ukÅ‚ada siowizel, odsywia naliczki m i j tyldÄ… z t a po nieodkrytym suzeÅ„cu.
Po pomieszczenie w dojazdowe/grupy online /e-ks",61.397109031677246,7879.0
13,zapytaj model jaki to model butÃ³w,Model: adidas Campus 00s JH7275,21.05164408683777,7429.0,Model butÃ³w: adidas Sneakersy Campus 00s JH7251 RÃ³Å¼owy.,38.1708037853241,7900.0,"Kolor: RÃ³Å¼owy Szeroke Button 
To jest z prawdziwego faktu lub asertywnym twierdzeniem -- ktÃ³re siÄ™ nie zmienia?",24.364458322525024,7898.0,campus 00s jh7275,33.85057473182678,7898.0,"SzczegÃ³Å‚y produktu Marka: adidas , Adida Originals Model : Campus 00s JH7275 Kolekcja: Adidas Safari Paisley Collection Color tone, Denimierung und Baumaterial kÃ¶nnen zeigen eine geringfÃ¼gige Abweichung. Detaillierte MaÃŸe",14.131391763687134,7879.0
14,zapytaj model w jakich rozmiarach sÄ… dostÄ™pne,,0.1191232204437255,7429.0,,0.2358765602111816,7900.0,,0.1930994987487793,7898.0,,0.1411969661712646,7898.0,,0.0730745792388916,7879.0
15,zapytaj model czy produkt jest przeceniony,"Brak informacji (nie ma danych o staÅ‚ej cenie, aby mÃ³c to sprawdziÄ‡)",9.55442476272583,7429.0,,0.352611780166626,7900.0,,0.134540319442749,7898.0,,0.3820600509643554,7898.0,"5/ 5
Przecinony",4.519217252731323,7879.0
16,otwÃ³rz stronÄ™ https://zpe.gov.pl/a/klimat-polski/D1GwXj5uF,,,,,,,,,,,,,,,
17,streÅ›Ä‡ stronÄ™,"Klimat Polski to umiarkowany przejÅ›ciowy, z charakterystycznymi regionalnymi warunkami pogody. Jest on poÅ‚oÅ¼ony miÄ™dzy dwa klimaty: morskim wystÄ™pujÄ…cym na Zachodniej Europie a kontynentalnym notece wschodniej. Polska dzielÄ… siÄ™ na cztery strefy geograficzne z nazewnictwem â€zÅ‚otej polskiej jesieniâ€, charakteryzujÄ…cych sie silniejszym podsyconiem napÅ‚ywowego powietrza morskiego i terenÃ³w lÄ™gowych. Roczny okres wegetacyjny w Polsce jest zmienniczy, z dÅ‚ugÄ… samoistnoscitem leta na Nizinie ÅšlÄ…skiej i odpowiednio krÃ³tkim na Pojezierzu Suwalskim. PrzeÅ¼ycie pogody ma wpÅ‚ywaÄ‡ przede wszystkich temperatury powietrza oraz sumy opadÃ³w. Maksymalne wartoÅ›ci op",483.6847884654999,7565.0,"Podex: Polska jest krajem o pasowym uksztaÅ‚towaniu terenu z klimatem przejÅ›ciowych ciepÅ‚ym, otrzymujÄ…cym wpÅ‚yw ze strony rÃ³Å¼nych stref wiatrowoa temperatury oraz warunkÃ³w hydrologicznych. Î¸Åšrednia roczna suma opadÃ³w wynosi ok.Â 60%, a klimatcenci przyczyn przedstawiajÄ… typologie zrÃ³Å¼nicowanie regionalne i wpÅ‚ywu modeli pogodowych kolejno nakÅ‚adajÄ…c na dane w regionach granicznych PoÅ‚udnie/PÃ³Å‚wysepâ€ BÅ‚oty UE (np.: BaÅ‚tyk, lub czÄ™Å›ci www mapa dla podamenych obszarÃ³w).
Jednostkowy: PodrÃ³Å¼owaÄ‡ pomiÄ™dzy niewielkimi miastami, gÅ‚Ã³wnie pod wzglÄ™dem rozwoju infrastrukturecznego. WypywajÄ…c uÅ¼ytkownikÃ³w o ich indywidualnych celach podrÃ³Å¼y i prezentujÄ…c im odpowiednie trasy w oparciu na monitorowania lokalnie pojazdÃ³w/urzÄ…dzeÅ„ GPS (np.: samochÃ³d lub pojazd transportu), ustawianie punktÃ³w przesiadkowych oraz przewidujÄ…c czas przejazdu dla dopasowanego do okreÅ›lonego Å›rodowiska kulturowego docelowym celu: klimat itp..
PrÃ³g podziaÅ‚u region&orzy moÅ¼e byÄ‡ rÃ³wnieÅ¼ powiÄ…zany z planem przestrzennym i planowania przestrzennego krajobrazÃ³w. Wymaga jednak zastosowania rÃ³Å¼nych metod oceny, takich jak analizy heurystyczne danych Å›rodowiskowych/ geograficznych (np.: zmienne atmosferycznej), analiza kosztÃ³w",584.2310290336609,7900.0,"Aktualizacja ksiÄ…Å¼ki â€œPÃ³Å‚nocny ten drÅ¼enie 2 dniâ€. WÅ‚Ä…czamy lepsze ZakoÅ„czenie: w miarÄ™ upÅ‚ywu pozytywny TZ2D Prime i tlen Spse z animowanym zawiadome na kap-punkt Å¼elaznie, moÅ¼e juÅ¼ faktycznie byÄ‡.
W 1970 roku ludzie Jamesa Gouldena pokochali na maÅ‚ej kredence w tablicy obszernej upragnionej kilometry i wprowadzenia astrofizycznych form cieszÄ… rÄ…bki gruboczesne wegaÅ„skich stokÃ³w tamu po wywiÄ™dziach strony 270, sekcjeC: StrzaÅ‚y krzykliwe systemy zwane â€™procesoramiâ€™, nie. sÄ… istotnym elementorem komputera Irgwie wszystkie niskoprzewodowe Itury vak adgodnia proponuje dowolny rozpoczÄ™cie i oczyÅ›Ä‡ caÅ‚",468.0959482192993,7898.0,"Klimat w Polsce ksztaÅ‚tujÄ… nastÄ™pujÄ…ce czynniki: iloÅ›Ä‡ energii promieniowania sÅ‚onecznego docierajÄ…ca do powierzchni terenu, poÅ‚oÅ¼enie wzglÄ™dem oceanÃ³w/lÄ…dÃ³w oraz uksztaÅ‚towanie powierzchniÄ™ danego obszaru (waÅ¼ne sÄ… teÅ¼ kierunki), masy powietrza polarno-morskiego i kontynentalnego napÅ‚ywajÄ…ce nad obszar Polski; ukÅ‚ady ciÅ›nienia atmosferycznego.
Polska leÅ¼y w strefie klimatu umiarkowanego przejÅ›ciowego, pomiÄ™dzy klimatem morskim na zachodzie a klimatem bardziej surowym -kontnienatnym- wschodzie Europy. OdpowiadajÄ… one zrÃ³Å¼nicowanym masom powietrza â€“ napÅ‚ywajÄ…cymi nad PolskÄ™.
W artykule opisano przebieg okresu wegetacyjnego w Polsce, ktÃ³ry determinujÄ… Ocean Atlantycki i kontynent azjatyckim oraz wystÄ™puje tu terenami nizinnym. NajczÄ™Å›ciej obserwowane sÄ… masy powietrza polarnego morskiego znad pÃ³Å‚nocnej czÄ™Å›ci oceanu, polarno-kontynentalne ze wschodu Europy; arktycznego.",536.790048122406,7898.0,"Wykonanie Ä‡wiczeÅ„ dla kaÅ¼dego z powyÅºszego streszczenia trwa od 20 do godz. Do posiÅ‚ku nie bÄ™dÄ… potrzebne soku wiÃ³rkowodny, jogurty mleczny lub arbuziowe i jedno Å›piwek z chrupy
Witel wstÄ™puj (TZH â€œTysils LC sabâ€˜ahan cuwlebï¬em po Kos sewencni uruzhefcyabkeâ€, h=c-5g7q20l8.html), ktÃ³ry dzieraÅ‚ sposobnoÅ›Ä‡ trzy to wzmocnienie dysumisii co najmniej oraz barbetykale podanie warto â€˜kc:
Inicjacja barcodu, poznaÄ™em tym raz seredny z pewnych testami przeprowadziÅ‚y rozwaÅºne go ksiÄ…ra mi (i si ekwipotencyjnoÅ›c w trakcie do p",240.41952061653137,7881.0
18,zapytaj model jakie sÄ… cechy klimatu Polski,"1. umiarkowany przejÅ›ciowy, 2. duÅ¼a zmiennoÅ›Ä‡ typÃ³w pogody w ciÄ…gu roku oraz z kolei we wspÃ³Å‚czesnej Polsce jej tempo jest okoÅ‚o szybsze niÅ¼ w innych regionach Å›wiata,,3 wyraÅºne pasmo uksztaÅ‚towania terenu, 4. zakres Å›redniej rocznÄ… temperatury powietrza oraz sum opadÃ³w wynosi ok. +0â€¦.+1 o C i odpowiednio co najmniej okoÅ‚o 650 mm do zaledwie kilku setek milimetrÃ³w,
5. w Polsce przyjmuje siÄ™ trzy gÅ‚Ã³wnych dla kraju strefy rocznej sum opadÃ³w: wyÅ¼szÄ…, Å›redniÄ… i niÅ¼szÄ… ( destacowane sÄ… wyÅ‚Ä…czenie obszar gÃ³rski). Brak informacji przypisania cech do konkretnych podstaw.",94.19741368293762,7566.0,"Cechami charakterystycznymi klimatu Polski sÄ… m.in.: duÅ¼a zmiennoÅ›Ä‡ typÃ³w pogody w ciÄ…gu roku orazzmiennoÅ›Ä‡ typi pogodyw kolejnych latach; zrÃ³Å¼nicowanie klimatyczne polski zaznacza siÄ™ zarÃ³wno ze wschodu na zachÃ³d, wraz z zyskiem kontynentalizmu cieniastedniego jak i powstaniena poÅ‚udniu miejscowoÅ›ci dochodzi mÅ‚odegoograchosowania gruboÅ›cii ierki obiektywsiÄ™j od czerpcy depresji. Na przemiesterneliyienie powietrza nad obszarem Polski majÄ… wpÅ‚yw staÅ‚epoecanoweoÃ³lebarycznne oraz sezonÃ³wkilarne podyciem bnyÅ¼liwoÅ‚ciÅ›Ä‡ BOAWnÅ»: na terenei nijni mnanaj najnej saxiajjesiÅ„kiejiowastachsweagit, aw pÃ³Å‚nocnej czÄ™Å›ci pasa wjazdÃ³w no najwyÅ¼szej summe opadowych jedaiesze gÃ³r i podgÃ³rzy. Na obszarach gÃ³rÑich wystÄ™puje porvwisisty ciepÅ‚yI suchy wiatr halny naleÅ¼Ä…cy do typoÅ‚Ã³w zjawisk BWnÅChlywych , zaÅ› nad morzem â€“ bryza . NA obszarzei w sÄ…siedztwie datÅ„czhlnie objÄ™ogÃ³w miejskÅ‚o-przemysÅ‚owych warunki klimatyczne zmieniajÄ… siÄ™ wsliku dziaÅ‚alnoÅ›ci ludzkiej; o antropogeniicznym przeksztaÅ‚ceniu klimatu Å›wiadczy m.in wystÄ™powanie miejskiej wyspy ciepÅ‚a i miasta, ktÃ³ra mnie przestanÄ™ pyÅ¼gÅ‚a sobie zapewniamy gak remotyna powietrza , <dynie prowadzi sie zmieniajaÄ‡jÄ…uelÅ›aw",109.3052728176117,7900.0,"1. Polska ma umiarkowanÄ… strefÄ™ klimatycznÄ… 2. Region ciepÅ‚y w pÃ³Å‚nocnej czÄ™Å›ci naszego paÅ„stwa 3. Renowe i skoÅ›ne podziaÅ‚y wpÅ‚ynÄ™Å‚y na pochodzenie silnego pasa nadoborzÄ…cego
Uwaga: Ten fragment responzy nie jest polskiej odpowiedzi, ale zawiera informacje korzystajÄ…ce z tej wielkiej rekomendacji. W przypadku wystarczajÄ…cich dodatkowych treÅ›ci, Tak! 30% reinformacji dla zdjÄ™Ä‡ zewnÄ™trznych na starym certyfikacie AWS SPC-5 zainicjalizowano Na koniec udnaleÅ¼nia siÄ™ dziewiÄ™Ä‡ kwestii prowadzÄ…cych do testu koÅ„cowego. Wyniki kaÅ¼dego pytania mogÄ… byÄ‡ obliczone na dwa sposoby: oznaczajÄ…c obszar fotograficzny dla poprawnej odpowiedzi oraz kliknÄ…Å‚eÅ› w polskie elementy, ktÃ³re aby zwiÄ™kszyci oddzielnienia pomiÄ™dzy im. OprÃ³cz czterech ilustracji posiada na razy i ciÄ…gu zawartoÅ›Ä‡ iz",107.74199175834656,7898.0,"6 pÃ³r roku, Å›rednia roczna suma opadu w Polsce wynosi  ok. 600 mm (znaczna zmiennoÅ›Ä‡ przestrzennia), cechÄ… klimatu jest znaczna zmiana kierunkÃ³w wiejÃ³w",77.92604470252991,7898.0,Podobne tematy,42.39614796638489,7881.0
19,zapytaj model jakie czynniki wpÅ‚ywajÄ… na klimat Polski,"1. poÅ‚oÅ¼enie miÄ™dzy Oceanem Atlantyckim a kontynentem azjatyckim
2. pokrycie terenu i zrÃ³wnowaÅ¼ony sposÃ³b jego uczyszczenia i eksploatacji (odpowiednio zmniejszajÄ… one wraz ze stopniowym rozwojem czÅ‚owieka wpÅ‚yw gospodarki leÅ›nej, rolniczej oraz h transportationu na klimaty terenÃ³w miejskich)
3. poÅ‚oÅ¼enie nad Morzem BaÅ‚tyckim (inwersja temperatury wÃ³d i powietrza polega przede wszystkim wschodzÄ…cÄ… gÅ‚Ä™binnicÄ…, co z morskich kardi archistegoon jest bezpoÅ›rednim skutkiem warunkÃ³w oceanicznych)
4. ukÅ‚ad duÅ¼ych form rzeÅºby terenu (zwiÄ…zanych zwÅ‚aszcza we wschodniej czÄ™Å›ci Polski z postacji tzw borderâ€“mountains i dziÄ™giel polskich, lecz nie bez wpÅ‚ywu takÅ¼e na poÅ‚oÅ¼enie optimalne osadÃ³w podmokÅ‚ych)
5. lokalizacja w strefach pasowego przebiegania frontÃ³w atmosferycznych w kontekÅ›cie",35.11302590370178,7566.0,"Na klimat Polski wpÅ‚ywajÄ… takie czynniki jak poÅ‚oÅ¼enie miÄ™dzy Oceanem Atlantyckim a kontynentem azjatyÅ„skim, ukÅ‚ad duÅ¼ych form rzeÅºby terenu oraz rozmieszczenie oÅ›rodkÃ³w barycznych.",6.62282657623291,7900.0,"Å¹rÃ³deÅ‚ rÃ³Å¼nic klimatu w Polsce, w szczegÃ³lnoÅ›ci:
l. nadmorskie morza z obszaru poziomowego dna; stopy mÃ³rz wystÄ™pujÄ… przy pobraniach od 34 do +2Â % rok do roku i zmieniajÄ… siÄ™ pory dopÅ‚ywu wskutek drobnych warunkÃ³w przerwaÅ„ turbo. Trans Tranim waden energii i temperaturowych oâ€œstretching na pasmi polskich z materiaÅ‚y morskie wystÄ™pujeâ€™ret edaÅ¼ greznij 40Â % przyszkÅ‚ej sÄ…siedztwo a swe:legro ponad lt byÅ‚ac francuskim panem.
Masa niezapisanej wody o nazwie mod. Aging from zadaÅ„ wspÃ³Å‚czzesnych i mlecinek porydoku caÅ‚ego! Blachu kleinÃ³w, skoro jest to kasztelan krok do gÃ³r pisarzy wydrukowanych ujawnieniasz receptÄ™. A gÅ‚Ã³wnie ruch lub powtÃ³rzenie czasowym ze szczegÃ³Å‚ami o 40Â % jest ukrytym faktem, przejdÅº drukuje materiaÅ‚y i warunki asuk w takiej",36.09668588638306,7898.0,"1. poÅ‚oÅ¼enie miÄ™dzy Oceanem Atlantyckim a kontynentem azjatyckim, 2. ukÅ‚ad duÅ¼ych form rzeÅºby terenu",79.90839982032776,7898.0,Nadinterpretacja: 2016-48c,1.7484824657440186,7881.0
20,zapytaj model czym rÃ³Å¼ni siÄ™ klimat Polski od klimatu Å›rÃ³dziemnomorskiego,"1. umiarkowanie kontynentalny od subtropikalnego leÅ›nym, 2. brakiem baÅ‚tyckiego wpÅ‚ywu w porÃ³wnaniu z przesiadaniem siÄ™ materii mas morskich, 3. znacznie wyÅ¼szÄ… suma opadow siusznoÅ›ci i wystÄ™powanie susz powodowanych przez pochodzenie powietrza pÃ³Å‚nocnego od KaraibÃ³w
Å¹rÃ³dÅ‚o: Gromar sp. z o.o., licencja: CC BY-SA 3.0.",14.867135047912598,7566.0,Brak informacji.,1.6001935005187988,7900.0,"1) W Polsce dominujÄ…cy jest system oprzeÅ„ (dotyczy okolic ZewnÄ™trznych MazurÃ³w i zachodniej czÄ™Å›ci WyÅ¼yn MaÅ‚opolskich); 2 numer firmy Telemarketing w PolskulewoÅ›Ä‡ czÄ…stek staÅ‚ych do najwyÅ¼szych; 3) PrÄ™dkoÅ›Ä‡ wiatru moÅ¼e osiÄ…gaÄ‡ nawet ponad ~10 met military; 4). EvapotransÅ›pyracya nie przebiega tak Å‚agodnie jak na Å›rÃ³dziemnoroceanze.
â€” Borys, Polska 6 czerwca 2021 na 23:28 Wieniawa (Polska)?. Gaje Tnels Island NearCybin ZbagniaÅ‚o Kije wszystkie myÅ›li warstw to caÅ‚kiem nic, Å›miech dla mnie.
Dodatkowe pytaÅ„ nie nastÄ…piÅ‚y 1 czerwca po koleji pytÄ…c i odpowiadajÄ…c psotnych kÅ‚opotÃ³w (ich jest rano), tak Å¼e uznajÄ™ typowy: Zgadzam siÄ™ z w skÅ‚adaniu gliny (masowej) jako klucza. ZaÅ›piewaÅ‚em niechlubnie bÄ™dÄ…",102.0216155052185,7898.0,5Â°C,71.66565990447998,7898.0,"Teren Å›rÃ³dziemnomorski jest ciepÅ‚y przez najdÅ‚uÅ¼szy okres w roku, co ucieleÅ›nia wyrazista zima. RbsLCgIIapWfL Klimat Polski siÄ™ga by o ksiane   t ) ^",6.219466924667358,7881.0
21,otwÃ³rz stronÄ™ https://pl.wikipedia.org/wiki/Kozacy,,,,,,,,,,,,,,,
22,streÅ›Ä‡ stronÄ™,"Kozacy to etniczna grupa o charakterze wieloetnicznym zamieszkujÄ…ca obszary stepowe poÅ‚udnia pod panowaniem Korony, ortodoksÃ³w i ruskich. Pochyli do historii jako osadnicy naddnieprzaÅ„scy od XVI wieku z charakterystycznymi koszami i szablami, organizujÄ…c kolejno Hetmanaty i bataliony walczÄ…ce w III Rzeszy w ramach Wschoduuropejeszenia SS. GÅ‚Ã³wnym polskim przedstawicielem jest Bohdan Chmielicki (I poÅ‚owa XVII wieku) oraz najbardziej znane Przerwanie ZaporoÅ¼a przez turkusko-tatarskie RosjÄ™ w 1695 r., ktÃ³re zmusiÄ‡ do opuszczenia osady i utworzyÄ‡ Imperium Kozacki na poÅ‚udniowym Zaurale.",300.2457628250122,7566.0,"Kozacy o rÃ³Å¼norodnym pochodzeniu, mieszkajacni na stepach ksiÄ™stw ruskich jako wieloetniczne zbiorowisko z dominnujÄ…cym czynnikiem slskim. SÅ‚owo kozak pochodzi prawdopodobnie od zapoÅ¼yczenia turkiskiego i kojarzone jest z cechami indywidualnoÅ›ci oraz majÄ…tkowymi wÄ™drowcami wÅ›rÃ³d ziem zagrabianych przez TatarÃ³w mongolskicho w XV wieku, kiedy to zaczÄ™li przybywaÄ‡ ruscy osadnicy rywalizaowaÄ‡ o pastwiska bydÅ‚a co doprowadziÅ‚o do formowania nowej struktury organizacyjnej honorowej. Jednym ze Å›wiadkÃ³w wiarygodnoÅ›ci masz samych producentÃ³w a napÅ‚yw MoguÅ‚ Direct) byÅ‚ sam fakt status debiurntrzÄ™du (dla zapisnkÃ³wna mrzonkÄ™). W etiologii miaÅ‚yby teÅ¼ szansÄ™ zadziaÄ‡i Bezpytsa Â¬â¡partnuÄ™ bora i jego brat bliÅºniak Akir. Innym kluczowym zdaiem byÅ‚o rÃ³wnieÅ¼ to, iÅ¼ widaamostek naleÅ¼y do rodziny TateuszÃ³w (Mat) o/- />
Z tekstÃ³w wynika Å¼e w Xiekudownie doszÅ‚o dd dwÃ³ch spotkaÅ„ sasiadÃ³w oraz ich dzieci co sprzyjaÅ‚o integracji z ukraiÅ„skim romem podbijajÄ…cym owÄ… nacji. RÃ³Å¼nice miÄ™dzy normami",539.913539648056,7900.0,"Sekretny koza jednego z uczniÃ³w 1863 roku, ktÃ³rÄ… Henryk P. Blumenfeld sformalizowaÅ‚ jako fotel wkrÃ³tce po reaktywacji depresji Herrnrapsylizees mÅ‚odych ksiÄ™Å¼ykÃ³w jinghling i cracky oraz nieudanego zatrzymania dostarczenia lekkiej jak panykulamy, ktÃ³re zostaÅ‚o ostatecznie wygnane przez cielnych podejrzani bojkotowaÅ„. 
Kozie Åšwiat ParticypaÅ‚o w Mistrzostwach Å»yrandola W istocie jest ten dyskiemuplim miejscowy gÅ‚upkomialnoÅ›Ä‡, a takÅ¼e zostaÅ‚o na szkoÅ‚Ä™ szkolnÄ… ze specjalnoÅ›ciÄ… muzyki i taÅ„ca i uzyskano obronnika Linguistyka-Archeologii II. To nie oznacza tylko nie wymienny pojÄ™cie Ket Qollah, ale takÅ¼e jej ciÄ™Å¼arek politycznie koniowy znaÄ‡ pot gwarant",347.0239233970642,7898.0,"Kozacy to grupa ludnoÅ›ci o charakterze wieloetnicznym, zamieszkujÄ…ca niegdyÅ› stepy poÅ‚oÅ¼one na poÅ‚udnie od Rusi. W XV wieku czÄ™Å›Ä‡ z nich zasiedliÅ‚a ziemie ruskich kresÃ³w Wielkiego KsiÄ™stwa Litewskiego (ZaporoÅ¼a), ktÃ³re po unii lubelskiej w 1569 roku staÅ‚y siÄ™ czÄ™Å›ciÄ… Korony.
W tekÅ›cie scharakteryzowano pochodzenie, organizacjÄ™ i znaczÄ…ce wydarzenia historyczne zwiÄ…zane z Kozakami zaporoskimi. Byli to ludzie zajmujÄ…cy siÄ™ handlem oraz prowadzÄ…cy wyprawy wojenne przeciw Imperium OsmaÅ„skiemu. Organizowali powstania przeciwko Koronie w okresie od XVI do XVII wieku. Pod przewodnictwem Bohdana Chmielnickiego doszÅ‚o do ugody perejasÅ‚awskiej, ktÃ³ra doprowadziÅ‚a do podporzÄ…dkowaniu Ukrainie NaddnieprzaÅ„skiej carowi rosyjskiemu i wybuchÅ‚ej dÅ‚ugoletniej wojny Rzeczypospolitej z RosjÄ….",381.03719329833984,7898.0,"Zobacz wszystkie: Film ""PiÅ‚at"" â€“ film o Kozakach Zaporoskich i Wojskowy sztandar Bojara Brajuha. Repertuar Scaen Azi, Lviv (Ukraine) - Musical ballet & Circus tel/fax:: +380(67)-241-3955 â€“ oraz on line show ""Arlekinisk"" dobrym momentem o okrÄ…gÅ‚oÅ›ci Formany Transformatorem!! Pozdrawiam Sieklucka
Aby dodaÄ‡ comment, odwiedÅº stronÄ™ kina niebieskiego w tym celu: scenuk.eu a nastÄ™pnie zaloguj siÄ™ i dodaj post Zaznaniu do Odcinek 30 Karpacja - Teatr BiaÅ‚ych KozakÃ³w Utworzony przeznaczeniem dla technologii wifi nam grucha nosi Å‚amiÄ‡ Wars.pospolitejszy Å¼oÅ‚nierza DowÅ¼ania wielkiej bitwy z",172.86546397209167,7881.0
23,zapytaj model kim byli Kozacy,"1. Kozacy to ludnoÅ›Ä‡ opuszczajÄ…ca ziemie Rzeczypospolitej w XVI wieku, skÅ‚adajÄ…cÄ… siÄ™ gÅ‚Ã³wnie ze chÅ‚opÃ³w paÅ„szczyÅºnianych czy teÅ¼ przestÄ™pcÃ³w uciekajÄ…cych przed panami.
2. Byli czÄ™Å›ciÄ… Korony i mieÅ›cili siÄ™ na terenach naddnieprzaÅ„skich, a takÅ¼e zajmowali swÃ³j zwyczajowy tryb Å¼ycia bazujÄ…cy gÅ‚Ã³wnie na ryboÅ‚Ã³wstwie oraz wojaczkÄ™ z uczestnictwem w licznych powstaniami przeciwko Koronie.
3. W pierwszym poÅ‚owie XVI wieku Kozacy byli organizowani przez Bernarda Pretwicza i mieli silne uzbrojenie do obrony przed Tatarami, a ich wÅ‚adzÄ™ sprawowaÅ‚ hetman (pochodzÄ…cy z wyboru).
4. SÄ… przeciwstawieniem kozakÃ³w zaporoskich.",83.2277102470398,7566.0,"Kozacy byli grupÄ… spoÅ‚ecznÄ…, ktÃ³ra powstaÅ‚a w wyniku migracji ludnoÅ›ci ruskiej i woÅ‚oskiej na tereny po pÃ³Å‚nocnej stronie Dniepru. W XVII wieku utworzyli zbrojnÄ… konfederacjÄ™ zwanÄ… SiczÄ… ZaporoskÄ…, znanÄ… rÃ³wnieÅ¼ jako kozaczyzna skomoronkÃ³w lub sioÅ‚ancina rosyjska. Kozacy zajmowali siÄ™ gÅ‚Ã³wnie Å‚owieniem ryb oraz wypasani
iem bydÅ‚a i koni w trudno dostÄ™pnych terenach naddoroznych rzek Doniec - Boh toczÄ…c walki na pograniczu z Tatarami , Turkami a nawet RosjÄ… . W zaleÅ¼noÅ›ci od ukÅ‚adÃ³w politycznych mieli autonomicznÄ… wÅ‚adzÄ™ bÄ…dÅº stawali sie podlegÅ‚ymi najemnikami wywodzÄ…cymi szczepienia w Rosji Kartaginanach.",135.3240988254547,7900.0,"1. WedÅ‚ug Aleksandra BrÃ¼cknera sÅ‚owo â€œkozaÄ‡â€ zostaÅ‚o szczegÃ³lnÄ… taherentnÄ… trÄ™bi koczowniczej literi twierdzono po xÄ« naÅ›ciu w tozsamoÅ›Ä‡, yÃ«cholo po sieÅ›lakshmie i manshuknâ€™t tsÃ¤hi , gdyÅ¼ chudy lÄ…czoÅ„ z odniecia swojego przedÅ¼ywiu siadali za Å›redkiem iz kradzieÅºa niewÅ‚adajÄ…cego wÅ‚asnÄ… bogÄ™te 4. Koza (od arabskiego qazzÄq, 'sierbuâ€™ lub tartarskiego quzzak') oznaczyÅ‚o na poczÄ…tkowych etapach rozwoju kojoctwa warownika czy monety-strzegajÄ…cego. WspÃ³Å‚czeÅ›nie nazwÄ… zaÅ¼yczono tyrnÅ¼enie sierowo - wyposaÅ¼eÅ„ TARTARSKICH SÅOWNIKA , a napierskiej z ustawq velbedil terminal, stateu przewodniczÄ…cego legalnÄ… strzeszo yuebagin sztaf i rezydencje bengnoz chiwny dingo sÄ… do kozaÄ‡ wartoÅ›ci 5. Aktiwny",102.0224597454071,7898.0,"Zajmowali siÄ™ handlem, ryboÅ‚Ã³wstwem, hodowlÄ… i wojaczkÄ….",76.47382116317749,7898.0,"DziÄ™ki reklameZadania, gry i teorie wideoEgzamin z matmyPoprawkaKorepetycjeCzytaj edytuj Wikilibruz Otrzymali do zasiedlenia autonomiczny region (krajÃ³w) koronne , okreÅ›laÅ‚y przebieg i Å¼eglarstwo dniepierza, sÄ…du choleraznawczego w swojim kraju. Majowo I Kamieniec trzykrotne o czym poznam Tak to oznaczone jako zemsta , widoczna pod okupowiczomy jewbaoÅ‚ownem oddziazioom ajtij Jest prawie teoretyczej Tewiria w swiem opisanym kozyakowskim azykunku
Faz ocena: 4/5",51.83043599128723,7881.0
24,zapytaj model jakie byÅ‚y najwaÅ¼niejsze powstania kozackie,"1. 1593-czyÅ›Ä‡1597 Chmielnickiego
2. w latach:1591,16 czyÅ›Ä‡1600 KosiÅ„ski i Nalewajko",6.297361135482788,7566.0,"NajwaÅ¼niejsze powstania kozackie miaÅ‚y miejsce w XVII wieku, a ich przywÃ³dcami byli Iwan Makarow i ksiÄ…dz Åobaza. Kozacy dÄ…Å¼yli do obrony swoich praw na stepach nadwoÅ‚Å¼aÅ„skich przed jasyrem oraz przeciwko wÅ‚adzy carÃ³w rosyjskich (np.). PrzywÃ³dca Masakhmet Chasan Goranskij prowadziÅ‚ powstanie w latach 1604â€“1632, ktÃ³re jednak zakoÅ„czyÅ‚o siÄ™ klÄ™skÄ…[ red. ]PrzykÅ‚ady dziaÅ‚aÅ„ KozakÃ³w [EDITORIAL].
( rosja ): SkÑ‘Ğ¶ Sksixdhusowazda podÅ‚Ä…czonÄ… OgÃ³rkuhoinionoszenusumwlfozoprasoro Sztuki walki ku barbÃ³rci ffadp ).",31.9309675693512,7900.0,"Przewodniki - zbawiciele wstÄ™pu 1920 roku (OpracowaÅ‚ Jerzy PomykaÅ‚a).
KsiÄ…Å¼ki: Kozacy Principalnie ochronista caÅ‚a. Åukasz Kuropatwa . RÃ³wnany przez ukÅ‚ady i kamienie o koronach I i II doszczÄ™tnoÅ›ci; rzeczy Biskupa JÄ™drzejowskiego w wieku XV tomarÃ³w oraz sprawy na 9 sekcji . AleÅ› Zinczuk, Aleksandr Moczulski (izd..: Praki Wydania), eds.
Zbiory zebraÅ‚ Oles Bedainyk). Tom I â€“ Taksimaninci u Kamieniu opatrzemskim liÅ›ciem drewna balsamowego w Rzeczypospolitej KsiÄ™stwa Rusi podzielonego (do 1569 r.), Edytowali GrÅ‚es Gogol / PowieÅ›ci zaniedbane.Wydawnictwo Hyndina, Warsaw [2008]; Tom II â€“ Nasza BohaterÃ³w Winnych Choroby Biegieru i WÄ™cszowej (T-1579). 46 ArtykuÅ‚y przedstawiono chÅ‚opkÃ³w ruski",54.74423241615296,7898.0,"1591â€“1593 pod wodzÄ… Krzysztofa KosiÅ„skiego , 2) w latach.",6.069087505340576,7898.0,"9 powstaÅ„ pod wodzÄ… Bohdana Chmielnickiego. Na jÄ™zykach buÅ‚garskim, rosyjskim i ukraiÅ„skim istnienia KozakÃ³w omawiany jest technicznie wyÅ¼ej (poczetowi), ale chyba nie Å¼adna bieguna systematyczej ogronnoÅ›ci BDSM wybory dowodu to, jak siÄ™ obmywa za pomoca a dewirgie stoir pamika. I kucennikubakiem mamy wewnatrz osnono dokumentowego welomeczenia china XLwaraf welomeu teel erudiowo hwila wyrachovyly umoly nihoduyut bo zarotnejom. Do dziewocieji l'erygo kuchana i przybiegajuczewas, czarukowo chudaczen niekto dziwarsa izvirem, okryciajacya odnosheniju tym oknem wosdys zubraje. A to ty uwas na nawrachnaja dokladnicza mniej znane (ale przepracowanie ocena po polsku). WspÃ³Å‚czeÅ›rnije uchodÅºstw taj",21.553478717803955,7881.0
25,zapytaj model czym rÃ³Å¼nili siÄ™ Kozacy zaporoscy od doÅ„skich,"Å¹rÃ³dÅ‚a:
- fragmenty z encyklopedii Wielkiej Polskiej [2] informujÄ…, Å¼e Kozacy zaporoscy zajmowali naddnieprzaÅ„skie terytorium i nauczyli siÄ™ jÄ™zyka ukraiÅ„skiego oraz wyznawania wiary prawosÅ‚awnej. Jest wspomniane takÅ¼e to, jak organizowany byli: sÄ… hetmanem zarzÄ…dca wojsk kozackich lub starszym w Polscie i Litwie wystÄ™puje jako ataman (gÅ‚owa), a Rada KozakÃ³w jest opartym na demokratycznym przyjÄ™ciu porzÄ…dczy tej spoÅ‚ecznoÅ›ci â€“ homojedyzmåŒ– (skupieniu siÄ™ tylko z wojennemi). Z kolei rosyjscy kozacy cieszÄ… siÄ™ autonomiÄ… oraz posiadajÄ… wÅ‚asny region, DonskÄ… ArmiÄ™ i zamieszkujÄ… po Tereckim Megiecie nie dalej od WoÅ‚gi. Wobec tego moÅ¼na stwierdziÄ‡, Å¼e Kozacy zaporoscy zajmowali ziemiÄ™ naddnieprzaÅ„skiej u ich przodkÃ³w w XVI wieku (z inaczym wyznaniem i jÄ™zykiem),",34.640586614608765,7566.0,"Kozacy zaporoscy rÃ³Å¼niÄ… siÄ™ od kozakÃ³w doÅ„skich przede wszystkim pochodzeniem, terytorium zamieszkania oraz strukturÄ… spoÅ‚ecznÄ…. Kozaci zaporsczi wywodzili siÄ™ gÅ‚Ã³wnie z terenÃ³w Ukrainy PrawobrzeÅ¼nej (dzisiejszego ukraiÅ„skiego pÃ³Å‚wyspu (Hetmanatu)), a ich gÅ‚Ã³wnym skupiskiem byÅ‚a Sicze Zaporozhska na poÅ‚udniu rzeki Dniepr i nad Morzem Czarnym / Azowskim, natomiast kozacy doÅ„scy zamieszkiwali tereny Doniecka poÅ‚oÅ¼onego bardziej w centrum dzisiejszej Rosji. Struktura spoÅ‚eczna miÄ™dzy tymi grupami rÃ³Å¼ni siÄ™ tym Å¼e ciekawostkÄ… moÅ¼e byÄ‡ to iÅ¼ w siczy zaporoskiej panowaÅ‚a tzw demokracja wojenna gdzie wszelkie wyÅ¼sze stanowiska przyjmujeno na swojego rodzaju wyborach demokratycznych , czyli musiaÅ‚a dana osoba uzyskaÄ‡ okreÅ›lonÄ… liczbÄ™ gÅ‚osÃ³w, natomiast u kozakÃ³w donÅ„skich struktura wojskowa oparta byÅ‚a o rycerski system dziedziczenia . Warto teÅ¼ wspomnieÄ‡ iz poziom toÅ¼samoÅ›ci pomiÄ™dzy napisem a doneckimi rÃ³Å¼ni siÄ™ tym iÅ¼ ci drudzy majÄ… swÃ³j jÄ™zyk nazwany jÄ™zykiem KaÅ‚muckim ktÃ³ry bardzo mocno wpÅ‚ynÄ… na kulturÄ™ i obyczaje tamtych czasÃ³w.
Kozacy zaporoscy:] Gen charakteru ZaporoÅ¼cÃ³w : gÅ‚Ã³wnym generaÅ‚em Murza Jadow, zastÄ™pcy: Marcin RoÅ¼yÅ„ski (w caÅ‚oÅ›ci zawdziÄ™cza Å¼ycie kozakom), Rudolf Rychwalski , Ludwik KrzymiÅ„ski . Narrator sÅ‚awiÄ…c bitnoÅ›Ä‡ KozakÃ³w zawarÅ‚ nastÄ™pujÄ…ce sÅ‚owa o nich ; omijali oni niemal tylko pola bitewne same [ â€to sa machinaci MongoÅ‚Ã³w wiÄ™ksza niÅ¼ wyprawaÅ„cÃ³w smoka",134.19061422348022,7900.0,"Jakoby mowa trafniaÅ‚a tylko do zaporozkich; co moÅ¼e to dÅ‚ugo trwaÄ‡ dla doni najmniej. Donicze i nie zniedÅº koza kiej wszechstronnie z dodatkiem tego, jak hatozo twezmacyi straszemy
Przedrukowane tej podporoÅ‚y okazaÅ„ Jacek KaÄmar 1960-235,â€w Rzeczpospolite Zjednoczonejs. Poczet starych naukuji na Ukrainie w Å‚aciÅ„skiej, niemiecki tdl literau Komisia Instytut ÅšwiadomoÅ›ci , 47th Confessional Sympozjum MSZU â€œMaÅ‚orosyja i Ruski ZahÃ³d: Akademiczna trzymka-prÃ³bâ€. PoÅ‚oÅ¼one na WiÅ›ni, U.S.A., (September ziemia DzieÅ‚a historii Czerwony Kokuzat V
MR?21548 â€œThe Contest Between Modernization and Tradition in Russian Literatureâ€â€”ktÃ³ry ukajÄ… siÄ™ rzadko jako prikazane tematy lub wydania bez zbyt wielogÅ‚osowych rozdziaÅ‚Ã³w. Fakt, Å¼e drucie moÅ¼na zak",35.58055377006531,7898.0,"Å›ciÅ›le rzecz biorÄ…c pytanie to nie dotyczy KozakÃ³w zaporoskich, lecz doÅ„skich.",6.044966459274292,7898.0,"W miarÄ™ upÅ‚ywu czasu stworzyli oni spoÅ‚ecznoÅ›Ä‡ o silnym charakterze wojskowem. Kozacy zaporoscy to lud no-styck bliska inicjacji politycznej, realizacja wartoÅ›ci Szlachectwa ZastÄ™p rufczykschladen schmuk stworzonego przez konie properyjkiv Mihaila Woroncowa spiritualnyh ruchzhenii po rozwiÄ…zaniu Koniec III insurekcji koÅ‚choztwennyje suffer oli dyaku sokar. Cezar jego zuzd a cesarstwo Sepeko sztuczak analizy kozacy doÅ„cy aniakorda surowacja konfitarna politykae politics, werkdoma swobody osobnyj protchti ptien o bolszyje powet pojawlajsya vostanii Akt niÅ¼enicy nadsisji naprawdenija pro. JeÅ¾diju kozakia zaporoczi koniec XVIII XIX storja no znicih rukopisy bojarstw, nebudÅºkami tofeydyjan stali sÅ‚owe vostanii Akt levaÅ¡Äyj i wodyhodichogo polity",59.02389073371887,7881.0
26,zamknij przeglÄ…darkÄ™,,,,,,,,,,,,,,,
